"payment_type","total_revenue","avg_trip_value"
1,140382686.07614705,17.351621455150852
2,52144670.637426436,13.115292217303601
3,719850.2700003464,20.328436643990464
4,211582.9399999589,16.27936754635369
