"trip_category","avg_tip","avg_total"
Long,4.625281694346888,40.477947736927035
Medium,1.8640922626793768,16.64105561657524
Short,1.025797229646754,9.3602785886604
